case_id,tool_name,complexity,test_type,valid_json,tool_correct,params_present,params_correct,format_compliant,optional_bonus,response_time_ms,error
weather_direct_01,get_current_weather,simple,direct,True,True,True,True,True,1.0,483.3129160106182,
weather_direct_02,get_current_weather,simple,direct,True,True,True,False,True,1.0,368.1047080317512,
weather_direct_03,get_current_weather,simple,direct,True,True,True,True,True,1.0,491.57899990677834,
weather_direct_04,get_current_weather,simple,direct,True,True,True,True,True,1.0,539.5257079508156,
weather_direct_05,get_current_weather,simple,direct,True,True,True,False,True,1.0,615.1781659573317,
weather_inference_01,get_current_weather,simple,inference,True,True,True,True,True,1.0,482.90875006932765,
weather_inference_02,get_current_weather,simple,inference,True,True,True,True,True,1.0,554.558250005357,
weather_inference_03,get_current_weather,simple,inference,True,True,True,True,True,1.0,419.82162499334663,
weather_inference_04,get_current_weather,simple,inference,True,True,True,True,True,1.0,425.2738329814747,
weather_inference_05,get_current_weather,simple,inference,True,True,True,True,True,1.0,424.88066595979035,
weather_edge_01,get_current_weather,simple,edge,True,True,True,True,True,1.0,369.9232080252841,
weather_edge_02,get_current_weather,simple,edge,True,True,True,False,True,1.0,402.6187910931185,
weather_edge_03,get_current_weather,simple,edge,True,True,True,False,True,1.0,387.4919170048088,
weather_distractor_01,get_current_weather,simple,distractor,True,True,True,True,True,1.0,363.96041593980044,
weather_distractor_02,get_current_weather,simple,distractor,True,True,True,True,True,1.0,422.9410830885172,
exchange_direct_01,get_exchange_rate,simple,direct,True,True,True,True,True,1.0,431.3067920738831,
exchange_direct_02,get_exchange_rate,simple,direct,True,True,True,True,True,1.0,721.3517080526799,
exchange_direct_03,get_exchange_rate,simple,direct,True,True,True,True,True,1.0,510.5830410029739,
exchange_direct_04,get_exchange_rate,simple,direct,True,True,True,True,True,1.0,510.98241598811,
exchange_direct_05,get_exchange_rate,simple,direct,True,True,True,False,True,1.0,819.3712499924004,
exchange_inference_01,get_exchange_rate,simple,inference,True,True,True,True,True,1.0,500.46462495811284,
exchange_inference_02,get_exchange_rate,simple,inference,False,False,False,False,False,0.0,6057.164083933458,"No tool call in response. Content: 换钱划不划算主要取决于**汇率的时机**以及**换钱的渠道**。由于汇率是实时波动的，我无法给出一个绝对的“划算”或“不划算”的结论，但我可以从以下几个维度帮你分析，并提供一些实用的建议：

### 1. 关注汇率走势 (Timing)
人民币对英镑的汇率受两国经济政策、利率差异（如英国央行与中国人民银行的利率差）以及国际政治环境影响。
*   **什么时候划算：** 如果当前人民币处于相对强势期"
exchange_inference_03,get_exchange_rate,simple,inference,True,True,True,True,True,1.0,671.6124160448089,
exchange_inference_04,get_exchange_rate,simple,inference,True,True,True,True,True,1.0,505.9827920049429,
exchange_inference_05,get_exchange_rate,simple,inference,True,True,True,True,True,1.0,446.4342079591006,
exchange_edge_01,get_exchange_rate,simple,edge,False,False,False,False,False,0.0,366.64908402599394,No tool call in response. Content: 1 USD is worth 1 USD.
exchange_edge_02,get_exchange_rate,simple,edge,True,True,True,True,True,1.0,873.4440829139203,
exchange_edge_03,get_exchange_rate,simple,edge,True,True,True,True,True,1.0,504.8427089350298,
exchange_distractor_01,get_exchange_rate,simple,distractor,True,True,True,True,True,1.0,516.0653749480844,
exchange_distractor_02,get_exchange_rate,simple,distractor,True,True,True,True,True,1.0,512.1031670132652,
timezone_direct_01,get_time_in_timezone,simple,direct,True,True,True,True,True,1.0,520.9641250548884,
timezone_direct_02,get_time_in_timezone,simple,direct,True,True,True,True,True,1.0,392.4530840013176,
timezone_direct_03,get_time_in_timezone,simple,direct,True,True,True,True,True,1.0,451.5900840051472,
timezone_direct_04,get_time_in_timezone,simple,direct,True,True,True,True,True,1.0,446.91575004253536,
timezone_direct_05,get_time_in_timezone,simple,direct,True,True,True,True,True,1.0,443.6772499466315,
timezone_inference_01,get_time_in_timezone,simple,inference,True,True,True,True,True,1.0,387.27429194841534,
timezone_inference_02,get_time_in_timezone,simple,inference,True,True,True,True,True,1.0,387.98529107589275,
timezone_inference_03,get_time_in_timezone,simple,inference,True,True,True,True,True,1.0,391.9459580210969,
timezone_inference_04,get_time_in_timezone,simple,inference,True,True,True,True,True,1.0,1019.4707500049844,
timezone_inference_05,get_time_in_timezone,simple,inference,True,True,True,True,True,1.0,520.617250003852,
timezone_edge_01,get_time_in_timezone,simple,edge,True,True,True,True,True,1.0,396.3839169591665,
timezone_edge_02,get_time_in_timezone,simple,edge,True,True,True,True,True,1.0,401.9739580107853,
timezone_edge_03,get_time_in_timezone,simple,edge,True,True,True,True,True,1.0,417.91687498334795,
timezone_distractor_01,get_time_in_timezone,simple,distractor,True,True,True,True,True,1.0,446.361375041306,
timezone_distractor_02,get_time_in_timezone,simple,distractor,True,True,True,True,True,1.0,399.47520894929767,
products_direct_01,search_products,medium,direct,True,True,True,True,True,1.0,396.5591249288991,
products_direct_02,search_products,medium,direct,True,True,True,False,True,1.0,466.6097089648247,
products_direct_03,search_products,medium,direct,True,True,True,True,True,1.0,504.6691249590367,
products_direct_04,search_products,medium,direct,True,True,True,True,True,1.0,613.1848340155557,
products_direct_05,search_products,medium,direct,True,True,True,False,True,1.0,518.0304170353338,
products_inference_01,search_products,medium,inference,True,True,True,True,True,1.0,608.2186250714585,
products_inference_02,search_products,medium,inference,True,True,True,False,True,1.0,573.5997079173103,
products_inference_03,search_products,medium,inference,True,True,True,True,True,1.0,468.1576250586659,
products_inference_04,search_products,medium,inference,True,True,True,False,True,1.0,458.7795839179307,
products_inference_05,search_products,medium,inference,True,True,True,False,True,1.0,404.37100001145154,
products_edge_01,search_products,medium,edge,True,True,True,True,True,1.0,419.971292023547,
products_edge_02,search_products,medium,edge,True,True,True,True,True,1.0,399.1627909708768,
products_edge_03,search_products,medium,edge,True,True,True,False,True,1.0,449.6019169455394,
products_distractor_01,search_products,medium,distractor,True,True,True,True,True,1.0,404.3757499894127,
products_distractor_02,search_products,medium,distractor,True,True,True,False,True,1.0,515.4192500049248,
email_direct_01,send_email,medium,direct,True,True,True,True,True,1.0,717.3123329412192,
email_direct_02,send_email,medium,direct,True,True,True,True,True,1.0,921.0723750293255,
email_direct_03,send_email,medium,direct,True,True,True,True,True,1.0,1030.7535839965567,
email_direct_04,send_email,medium,direct,True,True,True,True,True,1.0,693.7083330703899,
email_direct_05,send_email,medium,direct,True,True,True,True,True,1.0,733.7394999340177,
email_inference_01,send_email,medium,inference,True,True,True,False,True,1.0,714.938374934718,
email_inference_02,send_email,medium,inference,True,True,True,False,True,1.0,923.9387079142034,
email_inference_03,send_email,medium,inference,True,True,True,False,True,1.0,721.3760829763487,
email_inference_04,send_email,medium,inference,True,True,True,False,True,1.0,1122.6512499852106,
email_inference_05,send_email,medium,inference,True,True,True,False,True,1.0,828.648249967955,
email_edge_01,send_email,medium,edge,True,True,True,True,True,1.0,505.356082925573,
email_edge_02,send_email,medium,edge,True,True,True,True,True,1.0,1168.969208956696,
email_edge_03,send_email,medium,edge,True,True,True,True,True,1.0,533.2077080383897,
email_distractor_01,send_email,medium,distractor,True,True,True,True,True,1.0,519.283915986307,
email_distractor_02,send_email,medium,distractor,True,True,True,True,True,1.0,641.7640829458833,
restaurant_direct_01,book_restaurant,medium,direct,True,True,True,True,True,1.0,822.6756249787286,
restaurant_direct_02,book_restaurant,medium,direct,True,True,True,True,True,1.0,682.9600420314819,
restaurant_direct_03,book_restaurant,medium,direct,True,True,True,False,True,1.0,742.9742499953136,
restaurant_direct_04,book_restaurant,medium,direct,True,True,True,True,True,0.0,1023.5968329943717,
restaurant_direct_05,book_restaurant,medium,direct,True,True,True,True,True,0.0,922.086084028706,
restaurant_inference_01,book_restaurant,medium,inference,True,True,True,True,True,1.0,840.6082079745829,
restaurant_inference_02,book_restaurant,medium,inference,True,True,True,True,True,1.0,669.0353329759091,
restaurant_inference_03,book_restaurant,medium,inference,True,True,True,False,True,0.0,794.5160830859095,
restaurant_inference_04,book_restaurant,medium,inference,True,True,True,True,True,1.0,669.504375080578,
restaurant_inference_05,book_restaurant,medium,inference,True,True,True,True,True,0.0,696.060916990973,
restaurant_edge_01,book_restaurant,medium,edge,True,True,True,True,True,1.0,609.174209064804,
restaurant_edge_02,book_restaurant,medium,edge,True,True,True,True,True,1.0,737.0855000335723,
restaurant_edge_03,book_restaurant,medium,edge,True,True,True,False,True,1.0,922.0706670312211,
restaurant_distractor_01,book_restaurant,medium,distractor,True,True,True,True,True,1.0,715.8556249924004,
restaurant_distractor_02,book_restaurant,medium,distractor,True,True,True,True,True,1.0,719.1138749476522,
loan_direct_01,calculate_loan,medium,direct,True,True,True,True,True,1.0,610.776541987434,
loan_direct_02,calculate_loan,medium,direct,True,True,True,True,True,1.0,615.8850829815492,
loan_direct_03,calculate_loan,medium,direct,True,True,True,True,True,1.0,714.0232500387356,
loan_direct_04,calculate_loan,medium,direct,True,True,True,True,True,1.0,615.1689999969676,
loan_direct_05,calculate_loan,medium,direct,True,True,True,True,True,1.0,574.539458961226,
loan_inference_01,calculate_loan,medium,inference,True,True,True,True,True,1.0,553.4463339718059,
loan_inference_02,calculate_loan,medium,inference,True,True,True,True,True,1.0,542.0704169664532,
loan_inference_03,calculate_loan,medium,inference,True,True,True,True,True,1.0,555.5922909406945,
loan_inference_04,calculate_loan,medium,inference,True,True,True,True,True,1.0,540.2217080118135,
loan_inference_05,calculate_loan,medium,inference,True,True,True,True,True,1.0,554.2589999968186,
loan_edge_01,calculate_loan,medium,edge,True,True,True,True,True,1.0,598.2817090116441,
loan_edge_02,calculate_loan,medium,edge,True,True,True,True,True,1.0,598.7287500174716,
loan_edge_03,calculate_loan,medium,edge,True,True,True,True,True,1.0,464.52416700776666,
loan_distractor_01,calculate_loan,medium,distractor,True,True,True,True,True,1.0,547.895708004944,
loan_distractor_02,calculate_loan,medium,distractor,True,True,True,True,True,1.0,430.24641601368785,
calendar_direct_01,create_calendar_event,complex,direct,True,True,True,True,True,1.0,1001.3085000682622,
calendar_direct_02,create_calendar_event,complex,direct,True,True,True,True,True,1.0,1228.9084170479327,
calendar_direct_03,create_calendar_event,complex,direct,True,True,True,True,True,1.0,1217.7961250999942,
calendar_direct_04,create_calendar_event,complex,direct,True,True,True,True,True,1.0,1333.389375009574,
calendar_direct_05,create_calendar_event,complex,direct,True,True,True,True,True,1.0,922.4852090701461,
calendar_inference_01,create_calendar_event,complex,inference,True,True,True,False,True,0.0,1365.2727080043405,
calendar_inference_02,create_calendar_event,complex,inference,True,True,True,False,True,1.0,1150.7230420829728,
calendar_inference_03,create_calendar_event,complex,inference,True,True,True,True,True,1.0,883.8102080626413,
calendar_inference_04,create_calendar_event,complex,inference,True,True,True,False,True,1.0,1111.5558330202475,
calendar_inference_05,create_calendar_event,complex,inference,True,True,True,True,True,1.0,1034.2531249625608,
calendar_edge_01,create_calendar_event,complex,edge,True,True,True,True,True,1.0,1118.1701669702306,
calendar_edge_02,create_calendar_event,complex,edge,True,True,True,True,True,1.0,1739.91483298596,
calendar_edge_03,create_calendar_event,complex,edge,True,True,True,True,True,1.0,923.9083750871941,
calendar_distractor_01,create_calendar_event,complex,distractor,True,True,True,True,True,1.0,1110.7048330595717,
calendar_distractor_02,create_calendar_event,complex,distractor,True,True,True,True,True,1.0,1044.3774170707911,
flights_direct_01,search_flights,complex,direct,True,True,True,True,True,1.0,616.8535419274122,
flights_direct_02,search_flights,complex,direct,True,True,True,True,True,1.0,808.2423750311136,
flights_direct_03,search_flights,complex,direct,True,True,True,True,True,1.0,824.3743749335408,
flights_direct_04,search_flights,complex,direct,True,True,True,True,True,1.0,814.1927079996094,
flights_direct_05,search_flights,complex,direct,True,True,True,True,True,1.0,680.0836659967899,
flights_inference_01,search_flights,complex,inference,True,True,True,True,True,1.0,1161.820707959123,
flights_inference_02,search_flights,complex,inference,True,True,True,False,True,1.0,1025.4725000122562,
flights_inference_03,search_flights,complex,inference,True,True,True,False,True,1.0,831.8423749879003,
flights_inference_04,search_flights,complex,inference,True,True,True,False,True,1.0,1013.4204580681399,
flights_inference_05,search_flights,complex,inference,True,True,True,False,True,1.0,1224.1350839613006,
flights_edge_01,search_flights,complex,edge,True,True,True,True,True,1.0,718.0710840038955,
flights_edge_02,search_flights,complex,edge,True,True,True,True,True,1.0,941.3608750328422,
flights_edge_03,search_flights,complex,edge,True,True,True,True,True,1.0,762.4438329366967,
flights_distractor_01,search_flights,complex,distractor,True,True,True,True,True,1.0,676.7435839865357,
flights_distractor_02,search_flights,complex,distractor,True,True,True,True,True,1.0,657.1153750410303,
order_direct_01,create_order,complex,direct,True,True,True,True,True,1.0,901.1099999770522,
order_direct_02,create_order,complex,direct,True,True,True,False,True,1.0,974.585457937792,
order_direct_03,create_order,complex,direct,True,True,True,True,True,1.0,1255.9576249914244,
order_direct_04,create_order,complex,direct,True,True,True,True,True,1.0,897.4719590041786,
order_direct_05,create_order,complex,direct,True,True,True,False,True,1.0,1841.3352499483153,
order_inference_01,create_order,complex,inference,True,True,True,False,True,1.0,1353.273499989882,
order_inference_02,create_order,complex,inference,True,True,True,False,True,1.0,1439.2747500678524,
order_inference_03,create_order,complex,inference,True,True,True,False,True,1.0,991.8506250251085,
order_inference_04,create_order,complex,inference,True,True,True,False,True,1.0,818.8348329858854,
order_inference_05,create_order,complex,inference,True,True,True,False,True,1.0,922.0280000008643,
order_edge_01,create_order,complex,edge,True,True,True,True,True,1.0,737.0446670101956,
order_edge_02,create_order,complex,edge,True,True,True,True,True,1.0,1824.9169579939917,
order_edge_03,create_order,complex,edge,True,True,True,False,True,1.0,974.1557500092313,
order_distractor_01,create_order,complex,distractor,True,True,True,True,True,1.0,1016.7308750096709,
order_distractor_02,create_order,complex,distractor,True,True,True,False,True,1.0,980.3101669531316,
